--
-- PostgreSQL database dump
--

\restrict egLknluZ0cuA1a1MRye1cpsbxcQAF4TIXpoj4xCYG5QLMW4dlEfsE7Iy5IhXous

-- Dumped from database version 18.1
-- Dumped by pg_dump version 18.1

-- Started on 2026-05-10 20:53:35

SET statement_timeout = 0;
SET lock_timeout = 0;
SET idle_in_transaction_session_timeout = 0;
SET transaction_timeout = 0;
SET client_encoding = 'UTF8';
SET standard_conforming_strings = on;
SELECT pg_catalog.set_config('search_path', '', false);
SET check_function_bodies = false;
SET xmloption = content;
SET client_min_messages = warning;
SET row_security = off;

SET default_tablespace = '';

SET default_table_access_method = heap;

--
-- TOC entry 219 (class 1259 OID 24850)
-- Name: auth_group; Type: TABLE; Schema: public; Owner: postgres
--

CREATE TABLE public.auth_group (
    id integer NOT NULL,
    name character varying(150) NOT NULL
);


ALTER TABLE public.auth_group OWNER TO postgres;

--
-- TOC entry 220 (class 1259 OID 24855)
-- Name: auth_group_id_seq; Type: SEQUENCE; Schema: public; Owner: postgres
--

ALTER TABLE public.auth_group ALTER COLUMN id ADD GENERATED BY DEFAULT AS IDENTITY (
    SEQUENCE NAME public.auth_group_id_seq
    START WITH 1
    INCREMENT BY 1
    NO MINVALUE
    NO MAXVALUE
    CACHE 1
);


--
-- TOC entry 221 (class 1259 OID 24856)
-- Name: auth_group_permissions; Type: TABLE; Schema: public; Owner: postgres
--

CREATE TABLE public.auth_group_permissions (
    id bigint NOT NULL,
    group_id integer NOT NULL,
    permission_id integer NOT NULL
);


ALTER TABLE public.auth_group_permissions OWNER TO postgres;

--
-- TOC entry 222 (class 1259 OID 24862)
-- Name: auth_group_permissions_id_seq; Type: SEQUENCE; Schema: public; Owner: postgres
--

ALTER TABLE public.auth_group_permissions ALTER COLUMN id ADD GENERATED BY DEFAULT AS IDENTITY (
    SEQUENCE NAME public.auth_group_permissions_id_seq
    START WITH 1
    INCREMENT BY 1
    NO MINVALUE
    NO MAXVALUE
    CACHE 1
);


--
-- TOC entry 223 (class 1259 OID 24863)
-- Name: auth_permission; Type: TABLE; Schema: public; Owner: postgres
--

CREATE TABLE public.auth_permission (
    id integer NOT NULL,
    name character varying(255) NOT NULL,
    content_type_id integer NOT NULL,
    codename character varying(100) NOT NULL
);


ALTER TABLE public.auth_permission OWNER TO postgres;

--
-- TOC entry 224 (class 1259 OID 24870)
-- Name: auth_permission_id_seq; Type: SEQUENCE; Schema: public; Owner: postgres
--

ALTER TABLE public.auth_permission ALTER COLUMN id ADD GENERATED BY DEFAULT AS IDENTITY (
    SEQUENCE NAME public.auth_permission_id_seq
    START WITH 1
    INCREMENT BY 1
    NO MINVALUE
    NO MAXVALUE
    CACHE 1
);


--
-- TOC entry 225 (class 1259 OID 24871)
-- Name: django_admin_log; Type: TABLE; Schema: public; Owner: postgres
--

CREATE TABLE public.django_admin_log (
    id integer NOT NULL,
    action_time timestamp with time zone NOT NULL,
    object_id text,
    object_repr character varying(200) NOT NULL,
    action_flag smallint NOT NULL,
    change_message text NOT NULL,
    content_type_id integer,
    user_id bigint NOT NULL,
    CONSTRAINT django_admin_log_action_flag_check CHECK ((action_flag >= 0))
);


ALTER TABLE public.django_admin_log OWNER TO postgres;

--
-- TOC entry 226 (class 1259 OID 24883)
-- Name: django_admin_log_id_seq; Type: SEQUENCE; Schema: public; Owner: postgres
--

ALTER TABLE public.django_admin_log ALTER COLUMN id ADD GENERATED BY DEFAULT AS IDENTITY (
    SEQUENCE NAME public.django_admin_log_id_seq
    START WITH 1
    INCREMENT BY 1
    NO MINVALUE
    NO MAXVALUE
    CACHE 1
);


--
-- TOC entry 227 (class 1259 OID 24884)
-- Name: django_content_type; Type: TABLE; Schema: public; Owner: postgres
--

CREATE TABLE public.django_content_type (
    id integer NOT NULL,
    app_label character varying(100) NOT NULL,
    model character varying(100) NOT NULL
);


ALTER TABLE public.django_content_type OWNER TO postgres;

--
-- TOC entry 228 (class 1259 OID 24890)
-- Name: django_content_type_id_seq; Type: SEQUENCE; Schema: public; Owner: postgres
--

ALTER TABLE public.django_content_type ALTER COLUMN id ADD GENERATED BY DEFAULT AS IDENTITY (
    SEQUENCE NAME public.django_content_type_id_seq
    START WITH 1
    INCREMENT BY 1
    NO MINVALUE
    NO MAXVALUE
    CACHE 1
);


--
-- TOC entry 229 (class 1259 OID 24891)
-- Name: django_migrations; Type: TABLE; Schema: public; Owner: postgres
--

CREATE TABLE public.django_migrations (
    id bigint NOT NULL,
    app character varying(255) NOT NULL,
    name character varying(255) NOT NULL,
    applied timestamp with time zone NOT NULL
);


ALTER TABLE public.django_migrations OWNER TO postgres;

--
-- TOC entry 230 (class 1259 OID 24900)
-- Name: django_migrations_id_seq; Type: SEQUENCE; Schema: public; Owner: postgres
--

ALTER TABLE public.django_migrations ALTER COLUMN id ADD GENERATED BY DEFAULT AS IDENTITY (
    SEQUENCE NAME public.django_migrations_id_seq
    START WITH 1
    INCREMENT BY 1
    NO MINVALUE
    NO MAXVALUE
    CACHE 1
);


--
-- TOC entry 231 (class 1259 OID 24901)
-- Name: django_session; Type: TABLE; Schema: public; Owner: postgres
--

CREATE TABLE public.django_session (
    session_key character varying(40) NOT NULL,
    session_data text NOT NULL,
    expire_date timestamp with time zone NOT NULL
);


ALTER TABLE public.django_session OWNER TO postgres;

--
-- TOC entry 232 (class 1259 OID 24909)
-- Name: maps_cafe; Type: TABLE; Schema: public; Owner: postgres
--

CREATE TABLE public.maps_cafe (
    id bigint NOT NULL,
    name character varying(255) NOT NULL,
    address character varying(255) NOT NULL,
    hours character varying(100) NOT NULL,
    latitude double precision NOT NULL,
    longitude double precision NOT NULL,
    image character varying(100),
    description text,
    phone_number character varying(20),
    website character varying(200),
    average_rating double precision,
    slug character varying(50) NOT NULL
);


ALTER TABLE public.maps_cafe OWNER TO postgres;

--
-- TOC entry 233 (class 1259 OID 24921)
-- Name: maps_cafe_id_seq; Type: SEQUENCE; Schema: public; Owner: postgres
--

ALTER TABLE public.maps_cafe ALTER COLUMN id ADD GENERATED BY DEFAULT AS IDENTITY (
    SEQUENCE NAME public.maps_cafe_id_seq
    START WITH 1
    INCREMENT BY 1
    NO MINVALUE
    NO MAXVALUE
    CACHE 1
);


--
-- TOC entry 234 (class 1259 OID 24922)
-- Name: maps_customuser; Type: TABLE; Schema: public; Owner: postgres
--

CREATE TABLE public.maps_customuser (
    id bigint NOT NULL,
    password character varying(128) NOT NULL,
    last_login timestamp with time zone,
    is_superuser boolean NOT NULL,
    username character varying(150) NOT NULL,
    first_name character varying(150) NOT NULL,
    last_name character varying(150) NOT NULL,
    is_staff boolean NOT NULL,
    is_active boolean NOT NULL,
    date_joined timestamp with time zone NOT NULL,
    email character varying(254) NOT NULL,
    phone character varying(20)
);


ALTER TABLE public.maps_customuser OWNER TO postgres;

--
-- TOC entry 235 (class 1259 OID 24937)
-- Name: maps_customuser_groups; Type: TABLE; Schema: public; Owner: postgres
--

CREATE TABLE public.maps_customuser_groups (
    id bigint NOT NULL,
    customuser_id bigint NOT NULL,
    group_id integer NOT NULL
);


ALTER TABLE public.maps_customuser_groups OWNER TO postgres;

--
-- TOC entry 236 (class 1259 OID 24943)
-- Name: maps_customuser_groups_id_seq; Type: SEQUENCE; Schema: public; Owner: postgres
--

ALTER TABLE public.maps_customuser_groups ALTER COLUMN id ADD GENERATED BY DEFAULT AS IDENTITY (
    SEQUENCE NAME public.maps_customuser_groups_id_seq
    START WITH 1
    INCREMENT BY 1
    NO MINVALUE
    NO MAXVALUE
    CACHE 1
);


--
-- TOC entry 237 (class 1259 OID 24944)
-- Name: maps_customuser_id_seq; Type: SEQUENCE; Schema: public; Owner: postgres
--

ALTER TABLE public.maps_customuser ALTER COLUMN id ADD GENERATED BY DEFAULT AS IDENTITY (
    SEQUENCE NAME public.maps_customuser_id_seq
    START WITH 1
    INCREMENT BY 1
    NO MINVALUE
    NO MAXVALUE
    CACHE 1
);


--
-- TOC entry 238 (class 1259 OID 24945)
-- Name: maps_customuser_user_permissions; Type: TABLE; Schema: public; Owner: postgres
--

CREATE TABLE public.maps_customuser_user_permissions (
    id bigint NOT NULL,
    customuser_id bigint NOT NULL,
    permission_id integer NOT NULL
);


ALTER TABLE public.maps_customuser_user_permissions OWNER TO postgres;

--
-- TOC entry 239 (class 1259 OID 24951)
-- Name: maps_customuser_user_permissions_id_seq; Type: SEQUENCE; Schema: public; Owner: postgres
--

ALTER TABLE public.maps_customuser_user_permissions ALTER COLUMN id ADD GENERATED BY DEFAULT AS IDENTITY (
    SEQUENCE NAME public.maps_customuser_user_permissions_id_seq
    START WITH 1
    INCREMENT BY 1
    NO MINVALUE
    NO MAXVALUE
    CACHE 1
);


--
-- TOC entry 240 (class 1259 OID 24952)
-- Name: maps_post; Type: TABLE; Schema: public; Owner: postgres
--

CREATE TABLE public.maps_post (
    id bigint NOT NULL,
    title character varying(200) NOT NULL,
    slug character varying(200) NOT NULL,
    content text NOT NULL,
    created_at timestamp with time zone NOT NULL,
    updated_at timestamp with time zone NOT NULL,
    published boolean NOT NULL,
    author_id bigint,
    image character varying(100)
);


ALTER TABLE public.maps_post OWNER TO postgres;

--
-- TOC entry 241 (class 1259 OID 24964)
-- Name: maps_post_id_seq; Type: SEQUENCE; Schema: public; Owner: postgres
--

ALTER TABLE public.maps_post ALTER COLUMN id ADD GENERATED BY DEFAULT AS IDENTITY (
    SEQUENCE NAME public.maps_post_id_seq
    START WITH 1
    INCREMENT BY 1
    NO MINVALUE
    NO MAXVALUE
    CACHE 1
);


--
-- TOC entry 242 (class 1259 OID 24965)
-- Name: maps_review; Type: TABLE; Schema: public; Owner: postgres
--

CREATE TABLE public.maps_review (
    id bigint NOT NULL,
    rating smallint NOT NULL,
    comment text NOT NULL,
    created_at timestamp with time zone NOT NULL,
    cafe_id bigint NOT NULL,
    user_id bigint NOT NULL,
    CONSTRAINT maps_review_rating_check CHECK ((rating >= 0))
);


ALTER TABLE public.maps_review OWNER TO postgres;

--
-- TOC entry 243 (class 1259 OID 24977)
-- Name: maps_review_id_seq; Type: SEQUENCE; Schema: public; Owner: postgres
--

ALTER TABLE public.maps_review ALTER COLUMN id ADD GENERATED BY DEFAULT AS IDENTITY (
    SEQUENCE NAME public.maps_review_id_seq
    START WITH 1
    INCREMENT BY 1
    NO MINVALUE
    NO MAXVALUE
    CACHE 1
);


--
-- TOC entry 244 (class 1259 OID 24978)
-- Name: posts_post; Type: TABLE; Schema: public; Owner: postgres
--

CREATE TABLE public.posts_post (
    id bigint NOT NULL,
    title character varying(100) NOT NULL,
    body text NOT NULL,
    slug character varying(50) NOT NULL,
    date timestamp with time zone NOT NULL
);


ALTER TABLE public.posts_post OWNER TO postgres;

--
-- TOC entry 245 (class 1259 OID 24988)
-- Name: posts_post_id_seq; Type: SEQUENCE; Schema: public; Owner: postgres
--

ALTER TABLE public.posts_post ALTER COLUMN id ADD GENERATED BY DEFAULT AS IDENTITY (
    SEQUENCE NAME public.posts_post_id_seq
    START WITH 1
    INCREMENT BY 1
    NO MINVALUE
    NO MAXVALUE
    CACHE 1
);


--
-- TOC entry 5152 (class 0 OID 24850)
-- Dependencies: 219
-- Data for Name: auth_group; Type: TABLE DATA; Schema: public; Owner: postgres
--

COPY public.auth_group (id, name) FROM stdin;
\.


--
-- TOC entry 5154 (class 0 OID 24856)
-- Dependencies: 221
-- Data for Name: auth_group_permissions; Type: TABLE DATA; Schema: public; Owner: postgres
--

COPY public.auth_group_permissions (id, group_id, permission_id) FROM stdin;
\.


--
-- TOC entry 5156 (class 0 OID 24863)
-- Dependencies: 223
-- Data for Name: auth_permission; Type: TABLE DATA; Schema: public; Owner: postgres
--

COPY public.auth_permission (id, name, content_type_id, codename) FROM stdin;
1	Can add log entry	1	add_logentry
2	Can change log entry	1	change_logentry
3	Can delete log entry	1	delete_logentry
4	Can view log entry	1	view_logentry
5	Can add permission	2	add_permission
6	Can change permission	2	change_permission
7	Can delete permission	2	delete_permission
8	Can view permission	2	view_permission
9	Can add group	3	add_group
10	Can change group	3	change_group
11	Can delete group	3	delete_group
12	Can view group	3	view_group
13	Can add content type	4	add_contenttype
14	Can change content type	4	change_contenttype
15	Can delete content type	4	delete_contenttype
16	Can view content type	4	view_contenttype
17	Can add session	5	add_session
18	Can change session	5	change_session
19	Can delete session	5	delete_session
20	Can view session	5	view_session
21	Can add post	6	add_post
22	Can change post	6	change_post
23	Can delete post	6	delete_post
24	Can view post	6	view_post
25	Can add cafe	7	add_cafe
26	Can change cafe	7	change_cafe
27	Can delete cafe	7	delete_cafe
28	Can view cafe	7	view_cafe
29	Can add user	8	add_customuser
30	Can change user	8	change_customuser
31	Can delete user	8	delete_customuser
32	Can view user	8	view_customuser
33	Can add review	9	add_review
34	Can change review	9	change_review
35	Can delete review	9	delete_review
36	Can view review	9	view_review
37	Can add post	10	add_post
38	Can change post	10	change_post
39	Can delete post	10	delete_post
40	Can view post	10	view_post
\.


--
-- TOC entry 5158 (class 0 OID 24871)
-- Dependencies: 225
-- Data for Name: django_admin_log; Type: TABLE DATA; Schema: public; Owner: postgres
--

COPY public.django_admin_log (id, action_time, object_id, object_repr, action_flag, change_message, content_type_id, user_id) FROM stdin;
1	2025-04-20 22:26:47.237416+07	1	Highlands Coffee Coop Lý Thường Kiệt HCM	1	[{"added": {}}]	7	1
2	2025-04-20 22:28:27.855643+07	2	Highlands Coffee 601 CMT8	1	[{"added": {}}]	7	1
3	2025-04-23 11:10:04.724467+07	1	Caffe chất lượng	1	[{"added": {}}]	10	1
4	2025-04-23 11:10:12.027466+07	1	Caffe chất lượng	2	[{"changed": {"fields": ["Published"]}}]	10	1
5	2025-04-24 18:43:25.678296+07	3	Highlands Coffee Trường Sơn	1	[{"added": {}}]	7	1
6	2025-04-24 20:51:27.808979+07	9	Test 2	3		10	1
7	2025-04-24 20:51:27.808979+07	7	Cafe ngon 1	3		10	1
8	2025-04-24 20:51:27.808979+07	6	Cafe ngon	3		10	1
9	2025-04-24 20:51:27.808979+07	5	Cafe ngon	3		10	1
10	2025-04-24 20:51:27.808979+07	4	Cafe ngon	3		10	1
11	2025-04-24 20:51:27.808979+07	3	Cafe ngon	3		10	1
12	2025-04-24 20:51:27.808979+07	2	Cafe ngon	3		10	1
13	2025-04-24 20:51:27.808979+07	1	Caffe chất lượng	3		10	1
14	2025-04-29 06:45:51.558254+07	4	Highlands Coffee Nguyễn Chí Thanh	1	[{"added": {}}]	7	1
15	2025-04-29 06:47:50.440664+07	5	Highlands Coffee Nguyễn Tri Phương	1	[{"added": {}}]	7	1
16	2025-04-29 06:48:36.094309+07	6	Highlands Coffee 3 Tháng 2	1	[{"added": {}}]	7	1
17	2025-04-29 06:49:47.59499+07	7	Highlands Coffee Trade Center	1	[{"added": {}}]	7	1
18	2025-04-29 06:50:23.842508+07	8	Highlands Coffee Cao Thắng	1	[{"added": {}}]	7	1
19	2025-04-29 06:51:02.65945+07	9	Highlands Coffee Hà Đô Centrosa	1	[{"added": {}}]	7	1
20	2025-04-29 06:51:58.606602+07	10	Highlands Coffee Đường 3/2	1	[{"added": {}}]	7	1
21	2025-04-29 06:53:02.454239+07	11	Highlands Coffee Viettel CMT8	1	[{"added": {}}]	7	1
\.


--
-- TOC entry 5160 (class 0 OID 24884)
-- Dependencies: 227
-- Data for Name: django_content_type; Type: TABLE DATA; Schema: public; Owner: postgres
--

COPY public.django_content_type (id, app_label, model) FROM stdin;
1	admin	logentry
2	auth	permission
3	auth	group
4	contenttypes	contenttype
5	sessions	session
6	posts	post
7	maps	cafe
8	maps	customuser
9	maps	review
10	maps	post
\.


--
-- TOC entry 5162 (class 0 OID 24891)
-- Dependencies: 229
-- Data for Name: django_migrations; Type: TABLE DATA; Schema: public; Owner: postgres
--

COPY public.django_migrations (id, app, name, applied) FROM stdin;
1	contenttypes	0001_initial	2025-04-20 16:15:57.330445+07
2	contenttypes	0002_remove_content_type_name	2025-04-20 16:15:57.345278+07
3	auth	0001_initial	2025-04-20 16:15:57.395631+07
4	auth	0002_alter_permission_name_max_length	2025-04-20 16:15:57.401693+07
5	auth	0003_alter_user_email_max_length	2025-04-20 16:15:57.40759+07
6	auth	0004_alter_user_username_opts	2025-04-20 16:15:57.41457+07
7	auth	0005_alter_user_last_login_null	2025-04-20 16:15:57.419805+07
8	auth	0006_require_contenttypes_0002	2025-04-20 16:15:57.42087+07
9	auth	0007_alter_validators_add_error_messages	2025-04-20 16:15:57.425783+07
10	auth	0008_alter_user_username_max_length	2025-04-20 16:15:57.433884+07
11	auth	0009_alter_user_last_name_max_length	2025-04-20 16:15:57.439046+07
12	auth	0010_alter_group_name_max_length	2025-04-20 16:15:57.448009+07
13	auth	0011_update_proxy_permissions	2025-04-20 16:15:57.451825+07
14	auth	0012_alter_user_first_name_max_length	2025-04-20 16:15:57.456269+07
15	maps	0001_initial	2025-04-20 16:15:57.529679+07
16	admin	0001_initial	2025-04-20 16:15:57.547245+07
17	admin	0002_logentry_remove_auto_add	2025-04-20 16:15:57.556269+07
18	admin	0003_logentry_add_action_flag_choices	2025-04-20 16:15:57.564879+07
19	maps	0002_alter_cafe_slug	2025-04-20 16:15:57.58385+07
20	posts	0001_initial	2025-04-20 16:15:57.595126+07
21	sessions	0001_initial	2025-04-20 16:15:57.606875+07
22	maps	0003_post	2025-04-23 00:03:32.371285+07
23	maps	0004_post_image	2025-04-23 18:26:37.192849+07
\.


--
-- TOC entry 5164 (class 0 OID 24901)
-- Dependencies: 231
-- Data for Name: django_session; Type: TABLE DATA; Schema: public; Owner: postgres
--

COPY public.django_session (session_key, session_data, expire_date) FROM stdin;
h9a580hmuwr7ombucsimr1i7cdxb8rrx	.eJxVjEEOwiAQRe_C2hAKzAAu3XsGMjBEqgaS0q6Md9cmXej2v_f-S0Ta1hq3UZY4szgLI06_W6L8KG0HfKd26zL3ti5zkrsiDzrktXN5Xg7376DSqN8aC7DxRgFZ5ZBzSF47JKcVTxYmVJQLhuwhIKRUFDKDJs8cgvPIVrw_x7E3Wg:1u6R5U:qk0-tjadLOAN3821awuneNm236mb-uij4Q3s5400E9A	2025-05-04 16:35:44.57649+07
ptextuddzx5rclqlt85iishygr22fvjh	.eJxVjDsOwyAQRO9CHSHzWTAp0_sMaIElOImwZOwqyt2DJRdJM8W8N_NmHvet-L3R6ufErkywy28XMD6pHiA9sN4XHpe6rXPgh8JP2vi0JHrdTvfvoGArfU05ADglhNUgSVptpbQYR2MGyCSUS9gh9TTgYJRDIGOy1qojJIXs8wW66Tbi:1u8fGj:v8pJrrUZAq_axP6X96B9AVgWKQNjqWYBGV0ERDjq_Lg	2025-05-10 20:08:33.124451+07
9gt49ig70h92vs8wcszykmpnl246t1k0	.eJxVjDsOwyAQRO9CHSHzWTAp0_sMaIElOImwZOwqyt2DJRdJM8W8N_NmHvet-L3R6ufErkywy28XMD6pHiA9sN4XHpe6rXPgh8JP2vi0JHrdTvfvoGArfU05ADglhNUgSVptpbQYR2MGyCSUS9gh9TTgYJRDIGOy1qojJIXs8wW66Tbi:1u9Q57:jcCh-ZSbTAQpryHgLnM7ziNsNXnYmvzmVMR12ollya0	2025-05-12 22:07:41.44491+07
7ds6j70cnv4w3kyvb9t7t5rh77oj28va	.eJxVjDsOwyAQRO9CHSHzWTAp0_sMaIElOImwZOwqyt2DJRdJM8W8N_NmHvet-L3R6ufErkywy28XMD6pHiA9sN4XHpe6rXPgh8JP2vi0JHrdTvfvoGArfU05ADglhNUgSVptpbQYR2MGyCSUS9gh9TTgYJRDIGOy1qojJIXs8wW66Tbi:1u7r80:_B7ZYzoUl4IrFy4zAzDPsV6Z2MBfk0pW3RO7e1DFk6Y	2025-05-08 14:36:12.422724+07
\.


--
-- TOC entry 5165 (class 0 OID 24909)
-- Dependencies: 232
-- Data for Name: maps_cafe; Type: TABLE DATA; Schema: public; Owner: postgres
--

COPY public.maps_cafe (id, name, address, hours, latitude, longitude, image, description, phone_number, website, average_rating, slug) FROM stdin;
2	Highlands Coffee 601 CMT8	601 Cách Mạng Tháng 8, Phường 15, Quận 10, Tp. Hồ Chí Minh	8:00 AM - 10:00 PM	10.78472	106.66791	Highlands_Coffee_logo_dGCpoeG.svg.png		02822535454	\N	3.4	highlands-coffee-601-cmt8
4	Highlands Coffee Nguyễn Chí Thanh	82 Nguyễn Chí Thanh, Phường 3, Quận 10, Tp. Hồ Chí Minh	8:00 AM - 10:00 PM	10.77842	104.68695	Highlands_Coffee_logo_mpLWt51.svg.png		02822535454	\N	0	highlands-coffee-nguyen-chi-thanh
5	Highlands Coffee Nguyễn Tri Phương	533 Nguyễn Tri Phương, Phường 8, Quận 10, Tp.Hồ Chí Minh	8:00 AM - 10:00 PM	10.7669	106.66799	Highlands_Coffee_logo_UjhJLuu.svg.png		02822535454	\N	0	highlands-coffee-nguyen-tri-phuong
6	Highlands Coffee 3 Tháng 2	460 3 Tháng 2, Phường 12, quận 10, Tp. Hồ Chí Minh	8:00 AM - 10:00 PM	10.76826	106.66774	Highlands_Coffee_logo_Yqt8f77.svg.png		02822535454	\N	0	highlands-coffee-3-thang-2
7	Highlands Coffee Trade Center	11 Sư Vạn Hạnh, Phường 12, Quận 10, Tp. Hồ Chí Minh	8:00 AM - 10:00 PM	10.77124	106.67045	Highlands_Coffee_logo_hhKuywH.svg.png		02822535454	\N	0	highlands-coffee-trade-center
9	Highlands Coffee Hà Đô Centrosa	J-1. TM.03-1, Tầng 1, lô Jasmine, Hà Đô Centrosa Garden, Số 200, Đường 3 Tháng 2, P. 12, Q. 10 TP.HCM	8:00 AM - 10:00 PM	10.77694	106.67849	Highlands_Coffee_logo_MW6Wb5O.svg.png		02822535454	\N	0	highlands-coffee-ha-o-centrosa
10	Highlands Coffee Đường 3/2	3C Đường 3/2, Phường 11, Quận 10, Tp. Hồ Chí Minh	8:00 AM - 10:00 PM	10.7761	105.68127	Highlands_Coffee_logo_u7PLKie.svg.png		02822535454	\N	0	highlands-coffee-uong-32
11	Highlands Coffee Viettel CMT8	285 Cách Mạng Tháng 8, Phường 12, Quận 10, Tp. Hồ Chí Minh	8:00 AM - 10:00 PM	10.77837	106.68087	Highlands_Coffee_logo_XJcB05l.svg.png		02822535454	\N	0	highlands-coffee-viettel-cmt8
8	Highlands Coffee Cao Thắng	175B Cao Thắng, Phường 12, Quận 10, TP. HCM	8:00 AM - 10:00 PM	10.77467	106.67646	Highlands_Coffee_logo_Dl0n5iu.svg.png		02822535454	\N	0	highlands-coffee-cao-thang
1	Highlands Coffee Coop Lý Thường Kiệt HCM	497 Hòa Hảo, P.7, Quận 10, Hồ Chí Minh 70000, Việt Nam	8:00 AM - 10:00 PM	10.75985	106.662	Highlands_Coffee_logo_vucwgJf.svg.png		02822535454	\N	3.2	highlands-coffee-coop-ly-thuong-kiet-hcm
3	Highlands Coffee Trường Sơn	G4-G8 Trường Sơn, Phường 15, Quận 10, Tp. Hồ Chí Minh	8:00 AM - 10:00 PM	10.78153	106.66255	Highlands_Coffee_logo_v9UI83t.svg.png		02822535454	\N	0	highlands-coffee-truong-son
\.


--
-- TOC entry 5167 (class 0 OID 24922)
-- Dependencies: 234
-- Data for Name: maps_customuser; Type: TABLE DATA; Schema: public; Owner: postgres
--

COPY public.maps_customuser (id, password, last_login, is_superuser, username, first_name, last_name, is_staff, is_active, date_joined, email, phone) FROM stdin;
5	pbkdf2_sha256$870000$vcAEGwIf5bp31t1gJT3OYY$+QTzQ0mzK7tHyd9J81BL8JH9AIdTktQJKHxS8qXX5RE=	\N	f	user4	Hiền	Nguyễn	t	t	2025-04-24 22:17:11.920809+07	user4@gmai.com	\N
7	pbkdf2_sha256$870000$m2B2EGKCeryRDgpInWupi1$dJCX1vh1nWZSUub3DsXnvqAY9lp4i5CR81Iz2/jZpc0=	2025-04-24 22:29:29.193103+07	f	user6	Hiền	Nguyễn	t	t	2025-04-24 22:29:15.064863+07	user6@gmail.com	\N
3	pbkdf2_sha256$870000$snDOyUPGCfDRE5WrE95OmP$u7ba4OqU/8ju/d3zawP8Z0QuG+IjVqiDiwQ0Yozeg1s=	2025-04-21 21:31:10.766283+07	f	user2	Ko	biet	t	t	2025-04-20 16:35:36.671948+07	user2@gmail.com	\N
4	pbkdf2_sha256$870000$A8a7ZlkPeefHoEr2Qboia7$d/vFle/QqAQeDDfyNOUTy52rMySD4G+efWyKvAIrv/g=	2025-04-21 22:07:46.699458+07	f	user3	Ko	biet	t	t	2025-04-21 22:07:35.216928+07	user3@gmail.com	\N
8	pbkdf2_sha256$870000$TQxMg2vPnMWicaEXehS46O$Gg7tZ4RANTrg3Z1J2lZ3IBEmUh93H1EHr24cJNBRIew=	2025-04-24 22:51:29.662432+07	f	kietle123	Kiệt Lặc	Lê	t	t	2025-04-24 22:44:22.813303+07	kietle123@gmail.com	\N
9	pbkdf2_sha256$870000$ULS0tnXrMnSQvLL33jf6gk$r5wKCS6aez/JwitoUocpodb87gv8+f5Czk7KXCkBW2c=	2025-04-26 20:07:52.004566+07	f	thanhhien1	Hiền	Nguyễn	t	t	2025-04-26 20:06:38.499798+07	thanhhien1@gmail.com	\N
10	pbkdf2_sha256$870000$itJJwLRptloG0xvhdXve63$cMWsKvYznGgAU2xfxNeqaaZldZ+LI9bvA3E5ijH6r6Y=	2025-04-28 15:15:13.208916+07	f	honla	Ha	Le	t	t	2025-04-28 15:15:04.026371+07	honla@gmail.com	\N
2	pbkdf2_sha256$870000$AwuN4SmYFTiQ2VIIFqv9ca$xYLOze9XV4AOZI5PSNuTqkq6/w+OUKwsy82uDlkJeYM=	2025-04-24 17:27:52.787394+07	f	user1	Ko	biet	f	t	2025-04-20 16:21:03.100455+07	user1@gmail.com	\N
6	pbkdf2_sha256$870000$CPpWPpyOxSKXpigOD0bCpm$uh5p2D0MkFhzeSt1IR5hIC2MoUpk7fVTOa+8Fpmr+gE=	2025-04-28 22:07:19.400528+07	f	user5	Hiền	Nguyễn	t	t	2025-04-24 22:27:49.636798+07	user5@gmai.com	\N
1	pbkdf2_sha256$870000$hMBzMOXJvi28XQtbADL9yS$tJPSBQ0MnSedLnVpm/6+cwZRVMacphRTwZlC/yTVg4M=	2025-04-28 22:07:41.441917+07	t	admin			t	t	2025-04-20 16:17:48.722156+07	abc@gmail.com	\N
\.


--
-- TOC entry 5168 (class 0 OID 24937)
-- Dependencies: 235
-- Data for Name: maps_customuser_groups; Type: TABLE DATA; Schema: public; Owner: postgres
--

COPY public.maps_customuser_groups (id, customuser_id, group_id) FROM stdin;
\.


--
-- TOC entry 5171 (class 0 OID 24945)
-- Dependencies: 238
-- Data for Name: maps_customuser_user_permissions; Type: TABLE DATA; Schema: public; Owner: postgres
--

COPY public.maps_customuser_user_permissions (id, customuser_id, permission_id) FROM stdin;
\.


--
-- TOC entry 5173 (class 0 OID 24952)
-- Dependencies: 240
-- Data for Name: maps_post; Type: TABLE DATA; Schema: public; Owner: postgres
--

COPY public.maps_post (id, title, slug, content, created_at, updated_at, published, author_id, image) FROM stdin;
18	Cà Phê và Lối Sống Chậm	ca-phe-va-loi-song-cham	Uống cà phê không chỉ là một hành động nạp năng lượng, mà còn là thời gian để sống chậm, suy ngẫm và thư giãn. Một quán cà phê yên tĩnh có thể là nơi ta bắt đầu một cuốn sách mới hoặc lắng nghe chính mình.	2025-04-24 21:07:31.527896+07	2025-04-24 21:07:31.527896+07	t	1	Ban-sao-8-compressed.jpg
19	Cà Phê Và Sức Khỏe – Uống Sao Cho Đúng?	ca-phe-va-suc-khoe-uong-sao-cho-ung	Cà phê có thể mang lại nhiều lợi ích như tăng tỉnh táo, hỗ trợ giảm cân, chống oxy hóa… Tuy nhiên, uống quá nhiều có thể gây mất ngủ, tim đập nhanh. Hãy thưởng thức có chừng mực để tận hưởng trọn vẹn những điều tốt đẹp từ cà phê.	2025-04-24 21:08:28.046952+07	2025-04-24 21:08:28.046952+07	t	1	caphe1-1719275997383.webp
12	Espresso – Tinh Hoa Ý Trong Tách Cà Phê Nhỏ	espresso-tinh-hoa-y-trong-tach-ca-phe-nho	Espresso là nền tảng của rất nhiều loại cà phê hiện đại. Với phương pháp chiết xuất áp suất cao, espresso mang đến hương vị mạnh mẽ, đậm đặc, đánh thức mọi giác quan chỉ trong một lần nhấp môi.	2025-04-24 20:59:23.474202+07	2025-04-24 20:59:23.474202+07	t	1	espresso-la-gi-nguyen-tac-pha-espresso-dung-chuan-202307120718497350.jpeg
11	Cà Phê Phin - Hương Vị Truyền Thống Việt	ca-phe-phin-huong-vi-truyen-thong-viet	Cà phê phin từ lâu đã trở thành một biểu tượng văn hóa của người Việt. Từng giọt cà phê nhỏ chậm rãi chảy xuống, mang theo hương vị đậm đà và thơm lừng. Một buổi sáng bên ly cà phê phin và tờ báo giấy, chính là một thú vui giản dị mà sâu lắng.	2025-04-24 20:56:07.147557+07	2025-04-24 20:59:43.02665+07	t	1	ca-phe-pha-phin-Viet-Nam.jpg
13	Latte – Sự Kết Hợp Mềm Mại Giữa Cà Phê Và Sữa	latte-su-ket-hop-mem-mai-giua-ca-phe-va-sua	Latte là lựa chọn yêu thích của những ai ưa chuộng vị ngọt nhẹ, thơm béo từ sữa. Khi cà phê espresso kết hợp với sữa nóng và một lớp bọt sữa mịn, nó tạo ra một bản giao hưởng hài hòa giữa mạnh mẽ và dịu dàng.	2025-04-24 21:02:12.902326+07	2025-04-24 21:02:12.902326+07	t	1	ca-phe-latte-la-gi-latte-co-vi-gi-latte-khac-gi-capuchino-202408161122.jpg
14	Cà Phê Trứng – Đặc Sản Hà Nội Khó Cưỡng	ca-phe-trung-ac-san-ha-noi-kho-cuong	Một ly cà phê trứng béo ngậy, thơm lừng là món quà mà đất Hà Thành dành cho những tín đồ cà phê. Lòng đỏ trứng được đánh bông cùng đường và sữa tạo nên lớp kem vàng óng, quyện cùng cà phê nóng – tạo ra một sự kết hợp tuyệt vời.	2025-04-24 21:03:44.637148+07	2025-04-24 21:03:44.637148+07	t	1	cafe-trung.webp
15	Cold Brew – Cà Phê Ủ Lạnh Cho Ngày Hè Mát Mẻ	cold-brew-ca-phe-u-lanh-cho-ngay-he-mat-me	Cold Brew không giống cà phê đá thông thường, nó được ủ lạnh từ 12–24 giờ để mang đến hương vị thanh nhẹ, ít đắng và rất dễ uống. Đây là lựa chọn hoàn hảo cho những ngày nóng bức.	2025-04-24 21:04:33.675466+07	2025-04-24 21:04:33.675466+07	t	1	images.jpg
16	Robusta và Arabica – Hai Giống Cà Phê Phổ Biến Nhất	robusta-va-arabica-hai-giong-ca-phe-pho-bien-nhat	Robusta có vị đắng mạnh, hàm lượng caffeine cao và giá thành rẻ, trong khi Arabica mang hương vị thanh tao, chua nhẹ và thơm dịu. Tùy khẩu vị và mục đích sử dụng mà người uống sẽ chọn loại phù hợp.	2025-04-24 21:05:57.657362+07	2025-04-24 21:05:57.657362+07	t	1	unnamed.png
17	Cà Phê và Nghệ Thuật Latte Art	ca-phe-va-nghe-thuat-latte-art	Latte art là một hình thức thể hiện sự tinh tế và sáng tạo của barista. Từ những hình tim, lá dương xỉ đến chân dung và họa tiết phức tạp – tất cả đều thể hiện sự đam mê với từng ly cà phê.	2025-04-24 21:06:47.928864+07	2025-04-24 21:06:47.928864+07	t	1	nghe-thuat-ve-latte-art-la-gi.webp
\.


--
-- TOC entry 5175 (class 0 OID 24965)
-- Dependencies: 242
-- Data for Name: maps_review; Type: TABLE DATA; Schema: public; Owner: postgres
--

COPY public.maps_review (id, rating, comment, created_at, cafe_id, user_id) FROM stdin;
2	5	Ahihi đồ ngốc	2025-04-21 21:31:52.261535+07	1	3
3	1	ok	2025-04-21 21:57:35.419996+07	2	3
7	3	Vy c	2025-04-22 07:09:51.88707+07	1	4
6	5	Yamete	2025-04-21 23:36:05.824413+07	2	4
8	5	oke	2025-04-22 10:34:00.498495+07	2	1
1	4	Ok nhá	2025-04-21 21:27:12.431976+07	1	1
9	1	Ghét	2025-04-24 22:29:49.088431+07	1	7
10	1	Cafe dở	2025-04-24 22:46:38.951976+07	2	8
11	5	Ha rat thich cafe	2025-04-28 15:16:10.412183+07	2	10
\.


--
-- TOC entry 5177 (class 0 OID 24978)
-- Dependencies: 244
-- Data for Name: posts_post; Type: TABLE DATA; Schema: public; Owner: postgres
--

COPY public.posts_post (id, title, body, slug, date) FROM stdin;
\.


--
-- TOC entry 5184 (class 0 OID 0)
-- Dependencies: 220
-- Name: auth_group_id_seq; Type: SEQUENCE SET; Schema: public; Owner: postgres
--

SELECT pg_catalog.setval('public.auth_group_id_seq', 1, false);


--
-- TOC entry 5185 (class 0 OID 0)
-- Dependencies: 222
-- Name: auth_group_permissions_id_seq; Type: SEQUENCE SET; Schema: public; Owner: postgres
--

SELECT pg_catalog.setval('public.auth_group_permissions_id_seq', 1, false);


--
-- TOC entry 5186 (class 0 OID 0)
-- Dependencies: 224
-- Name: auth_permission_id_seq; Type: SEQUENCE SET; Schema: public; Owner: postgres
--

SELECT pg_catalog.setval('public.auth_permission_id_seq', 40, true);


--
-- TOC entry 5187 (class 0 OID 0)
-- Dependencies: 226
-- Name: django_admin_log_id_seq; Type: SEQUENCE SET; Schema: public; Owner: postgres
--

SELECT pg_catalog.setval('public.django_admin_log_id_seq', 21, true);


--
-- TOC entry 5188 (class 0 OID 0)
-- Dependencies: 228
-- Name: django_content_type_id_seq; Type: SEQUENCE SET; Schema: public; Owner: postgres
--

SELECT pg_catalog.setval('public.django_content_type_id_seq', 10, true);


--
-- TOC entry 5189 (class 0 OID 0)
-- Dependencies: 230
-- Name: django_migrations_id_seq; Type: SEQUENCE SET; Schema: public; Owner: postgres
--

SELECT pg_catalog.setval('public.django_migrations_id_seq', 23, true);


--
-- TOC entry 5190 (class 0 OID 0)
-- Dependencies: 233
-- Name: maps_cafe_id_seq; Type: SEQUENCE SET; Schema: public; Owner: postgres
--

SELECT pg_catalog.setval('public.maps_cafe_id_seq', 11, true);


--
-- TOC entry 5191 (class 0 OID 0)
-- Dependencies: 236
-- Name: maps_customuser_groups_id_seq; Type: SEQUENCE SET; Schema: public; Owner: postgres
--

SELECT pg_catalog.setval('public.maps_customuser_groups_id_seq', 1, false);


--
-- TOC entry 5192 (class 0 OID 0)
-- Dependencies: 237
-- Name: maps_customuser_id_seq; Type: SEQUENCE SET; Schema: public; Owner: postgres
--

SELECT pg_catalog.setval('public.maps_customuser_id_seq', 10, true);


--
-- TOC entry 5193 (class 0 OID 0)
-- Dependencies: 239
-- Name: maps_customuser_user_permissions_id_seq; Type: SEQUENCE SET; Schema: public; Owner: postgres
--

SELECT pg_catalog.setval('public.maps_customuser_user_permissions_id_seq', 1, false);


--
-- TOC entry 5194 (class 0 OID 0)
-- Dependencies: 241
-- Name: maps_post_id_seq; Type: SEQUENCE SET; Schema: public; Owner: postgres
--

SELECT pg_catalog.setval('public.maps_post_id_seq', 20, true);


--
-- TOC entry 5195 (class 0 OID 0)
-- Dependencies: 243
-- Name: maps_review_id_seq; Type: SEQUENCE SET; Schema: public; Owner: postgres
--

SELECT pg_catalog.setval('public.maps_review_id_seq', 11, true);


--
-- TOC entry 5196 (class 0 OID 0)
-- Dependencies: 245
-- Name: posts_post_id_seq; Type: SEQUENCE SET; Schema: public; Owner: postgres
--

SELECT pg_catalog.setval('public.posts_post_id_seq', 1, false);


--
-- TOC entry 4924 (class 2606 OID 24990)
-- Name: auth_group auth_group_name_key; Type: CONSTRAINT; Schema: public; Owner: postgres
--

ALTER TABLE ONLY public.auth_group
    ADD CONSTRAINT auth_group_name_key UNIQUE (name);


--
-- TOC entry 4929 (class 2606 OID 24992)
-- Name: auth_group_permissions auth_group_permissions_group_id_permission_id_0cd325b0_uniq; Type: CONSTRAINT; Schema: public; Owner: postgres
--

ALTER TABLE ONLY public.auth_group_permissions
    ADD CONSTRAINT auth_group_permissions_group_id_permission_id_0cd325b0_uniq UNIQUE (group_id, permission_id);


--
-- TOC entry 4932 (class 2606 OID 24994)
-- Name: auth_group_permissions auth_group_permissions_pkey; Type: CONSTRAINT; Schema: public; Owner: postgres
--

ALTER TABLE ONLY public.auth_group_permissions
    ADD CONSTRAINT auth_group_permissions_pkey PRIMARY KEY (id);


--
-- TOC entry 4926 (class 2606 OID 24996)
-- Name: auth_group auth_group_pkey; Type: CONSTRAINT; Schema: public; Owner: postgres
--

ALTER TABLE ONLY public.auth_group
    ADD CONSTRAINT auth_group_pkey PRIMARY KEY (id);


--
-- TOC entry 4935 (class 2606 OID 24998)
-- Name: auth_permission auth_permission_content_type_id_codename_01ab375a_uniq; Type: CONSTRAINT; Schema: public; Owner: postgres
--

ALTER TABLE ONLY public.auth_permission
    ADD CONSTRAINT auth_permission_content_type_id_codename_01ab375a_uniq UNIQUE (content_type_id, codename);


--
-- TOC entry 4937 (class 2606 OID 25000)
-- Name: auth_permission auth_permission_pkey; Type: CONSTRAINT; Schema: public; Owner: postgres
--

ALTER TABLE ONLY public.auth_permission
    ADD CONSTRAINT auth_permission_pkey PRIMARY KEY (id);


--
-- TOC entry 4940 (class 2606 OID 25002)
-- Name: django_admin_log django_admin_log_pkey; Type: CONSTRAINT; Schema: public; Owner: postgres
--

ALTER TABLE ONLY public.django_admin_log
    ADD CONSTRAINT django_admin_log_pkey PRIMARY KEY (id);


--
-- TOC entry 4943 (class 2606 OID 25004)
-- Name: django_content_type django_content_type_app_label_model_76bd3d3b_uniq; Type: CONSTRAINT; Schema: public; Owner: postgres
--

ALTER TABLE ONLY public.django_content_type
    ADD CONSTRAINT django_content_type_app_label_model_76bd3d3b_uniq UNIQUE (app_label, model);


--
-- TOC entry 4945 (class 2606 OID 25006)
-- Name: django_content_type django_content_type_pkey; Type: CONSTRAINT; Schema: public; Owner: postgres
--

ALTER TABLE ONLY public.django_content_type
    ADD CONSTRAINT django_content_type_pkey PRIMARY KEY (id);


--
-- TOC entry 4947 (class 2606 OID 25008)
-- Name: django_migrations django_migrations_pkey; Type: CONSTRAINT; Schema: public; Owner: postgres
--

ALTER TABLE ONLY public.django_migrations
    ADD CONSTRAINT django_migrations_pkey PRIMARY KEY (id);


--
-- TOC entry 4950 (class 2606 OID 25010)
-- Name: django_session django_session_pkey; Type: CONSTRAINT; Schema: public; Owner: postgres
--

ALTER TABLE ONLY public.django_session
    ADD CONSTRAINT django_session_pkey PRIMARY KEY (session_key);


--
-- TOC entry 4953 (class 2606 OID 25012)
-- Name: maps_cafe maps_cafe_pkey; Type: CONSTRAINT; Schema: public; Owner: postgres
--

ALTER TABLE ONLY public.maps_cafe
    ADD CONSTRAINT maps_cafe_pkey PRIMARY KEY (id);


--
-- TOC entry 4956 (class 2606 OID 25014)
-- Name: maps_cafe maps_cafe_slug_0d235c0a_uniq; Type: CONSTRAINT; Schema: public; Owner: postgres
--

ALTER TABLE ONLY public.maps_cafe
    ADD CONSTRAINT maps_cafe_slug_0d235c0a_uniq UNIQUE (slug);


--
-- TOC entry 4959 (class 2606 OID 25016)
-- Name: maps_customuser maps_customuser_email_key; Type: CONSTRAINT; Schema: public; Owner: postgres
--

ALTER TABLE ONLY public.maps_customuser
    ADD CONSTRAINT maps_customuser_email_key UNIQUE (email);


--
-- TOC entry 4967 (class 2606 OID 25018)
-- Name: maps_customuser_groups maps_customuser_groups_customuser_id_group_id_5dadf5b0_uniq; Type: CONSTRAINT; Schema: public; Owner: postgres
--

ALTER TABLE ONLY public.maps_customuser_groups
    ADD CONSTRAINT maps_customuser_groups_customuser_id_group_id_5dadf5b0_uniq UNIQUE (customuser_id, group_id);


--
-- TOC entry 4970 (class 2606 OID 25020)
-- Name: maps_customuser_groups maps_customuser_groups_pkey; Type: CONSTRAINT; Schema: public; Owner: postgres
--

ALTER TABLE ONLY public.maps_customuser_groups
    ADD CONSTRAINT maps_customuser_groups_pkey PRIMARY KEY (id);


--
-- TOC entry 4961 (class 2606 OID 25022)
-- Name: maps_customuser maps_customuser_pkey; Type: CONSTRAINT; Schema: public; Owner: postgres
--

ALTER TABLE ONLY public.maps_customuser
    ADD CONSTRAINT maps_customuser_pkey PRIMARY KEY (id);


--
-- TOC entry 4972 (class 2606 OID 25024)
-- Name: maps_customuser_user_permissions maps_customuser_user_per_customuser_id_permission_bea360f6_uniq; Type: CONSTRAINT; Schema: public; Owner: postgres
--

ALTER TABLE ONLY public.maps_customuser_user_permissions
    ADD CONSTRAINT maps_customuser_user_per_customuser_id_permission_bea360f6_uniq UNIQUE (customuser_id, permission_id);


--
-- TOC entry 4976 (class 2606 OID 25026)
-- Name: maps_customuser_user_permissions maps_customuser_user_permissions_pkey; Type: CONSTRAINT; Schema: public; Owner: postgres
--

ALTER TABLE ONLY public.maps_customuser_user_permissions
    ADD CONSTRAINT maps_customuser_user_permissions_pkey PRIMARY KEY (id);


--
-- TOC entry 4964 (class 2606 OID 25028)
-- Name: maps_customuser maps_customuser_username_key; Type: CONSTRAINT; Schema: public; Owner: postgres
--

ALTER TABLE ONLY public.maps_customuser
    ADD CONSTRAINT maps_customuser_username_key UNIQUE (username);


--
-- TOC entry 4979 (class 2606 OID 25030)
-- Name: maps_post maps_post_pkey; Type: CONSTRAINT; Schema: public; Owner: postgres
--

ALTER TABLE ONLY public.maps_post
    ADD CONSTRAINT maps_post_pkey PRIMARY KEY (id);


--
-- TOC entry 4982 (class 2606 OID 25032)
-- Name: maps_post maps_post_slug_key; Type: CONSTRAINT; Schema: public; Owner: postgres
--

ALTER TABLE ONLY public.maps_post
    ADD CONSTRAINT maps_post_slug_key UNIQUE (slug);


--
-- TOC entry 4985 (class 2606 OID 25034)
-- Name: maps_review maps_review_cafe_id_user_id_3290a261_uniq; Type: CONSTRAINT; Schema: public; Owner: postgres
--

ALTER TABLE ONLY public.maps_review
    ADD CONSTRAINT maps_review_cafe_id_user_id_3290a261_uniq UNIQUE (cafe_id, user_id);


--
-- TOC entry 4987 (class 2606 OID 25036)
-- Name: maps_review maps_review_pkey; Type: CONSTRAINT; Schema: public; Owner: postgres
--

ALTER TABLE ONLY public.maps_review
    ADD CONSTRAINT maps_review_pkey PRIMARY KEY (id);


--
-- TOC entry 4990 (class 2606 OID 25038)
-- Name: posts_post posts_post_pkey; Type: CONSTRAINT; Schema: public; Owner: postgres
--

ALTER TABLE ONLY public.posts_post
    ADD CONSTRAINT posts_post_pkey PRIMARY KEY (id);


--
-- TOC entry 4922 (class 1259 OID 25039)
-- Name: auth_group_name_a6ea08ec_like; Type: INDEX; Schema: public; Owner: postgres
--

CREATE INDEX auth_group_name_a6ea08ec_like ON public.auth_group USING btree (name varchar_pattern_ops);


--
-- TOC entry 4927 (class 1259 OID 25040)
-- Name: auth_group_permissions_group_id_b120cbf9; Type: INDEX; Schema: public; Owner: postgres
--

CREATE INDEX auth_group_permissions_group_id_b120cbf9 ON public.auth_group_permissions USING btree (group_id);


--
-- TOC entry 4930 (class 1259 OID 25041)
-- Name: auth_group_permissions_permission_id_84c5c92e; Type: INDEX; Schema: public; Owner: postgres
--

CREATE INDEX auth_group_permissions_permission_id_84c5c92e ON public.auth_group_permissions USING btree (permission_id);


--
-- TOC entry 4933 (class 1259 OID 25042)
-- Name: auth_permission_content_type_id_2f476e4b; Type: INDEX; Schema: public; Owner: postgres
--

CREATE INDEX auth_permission_content_type_id_2f476e4b ON public.auth_permission USING btree (content_type_id);


--
-- TOC entry 4938 (class 1259 OID 25043)
-- Name: django_admin_log_content_type_id_c4bce8eb; Type: INDEX; Schema: public; Owner: postgres
--

CREATE INDEX django_admin_log_content_type_id_c4bce8eb ON public.django_admin_log USING btree (content_type_id);


--
-- TOC entry 4941 (class 1259 OID 25044)
-- Name: django_admin_log_user_id_c564eba6; Type: INDEX; Schema: public; Owner: postgres
--

CREATE INDEX django_admin_log_user_id_c564eba6 ON public.django_admin_log USING btree (user_id);


--
-- TOC entry 4948 (class 1259 OID 25045)
-- Name: django_session_expire_date_a5c62663; Type: INDEX; Schema: public; Owner: postgres
--

CREATE INDEX django_session_expire_date_a5c62663 ON public.django_session USING btree (expire_date);


--
-- TOC entry 4951 (class 1259 OID 25046)
-- Name: django_session_session_key_c0390e0f_like; Type: INDEX; Schema: public; Owner: postgres
--

CREATE INDEX django_session_session_key_c0390e0f_like ON public.django_session USING btree (session_key varchar_pattern_ops);


--
-- TOC entry 4954 (class 1259 OID 25047)
-- Name: maps_cafe_slug_0d235c0a_like; Type: INDEX; Schema: public; Owner: postgres
--

CREATE INDEX maps_cafe_slug_0d235c0a_like ON public.maps_cafe USING btree (slug varchar_pattern_ops);


--
-- TOC entry 4957 (class 1259 OID 25048)
-- Name: maps_customuser_email_2f4d5882_like; Type: INDEX; Schema: public; Owner: postgres
--

CREATE INDEX maps_customuser_email_2f4d5882_like ON public.maps_customuser USING btree (email varchar_pattern_ops);


--
-- TOC entry 4965 (class 1259 OID 25049)
-- Name: maps_customuser_groups_customuser_id_4465d9b0; Type: INDEX; Schema: public; Owner: postgres
--

CREATE INDEX maps_customuser_groups_customuser_id_4465d9b0 ON public.maps_customuser_groups USING btree (customuser_id);


--
-- TOC entry 4968 (class 1259 OID 25050)
-- Name: maps_customuser_groups_group_id_51d8ed88; Type: INDEX; Schema: public; Owner: postgres
--

CREATE INDEX maps_customuser_groups_group_id_51d8ed88 ON public.maps_customuser_groups USING btree (group_id);


--
-- TOC entry 4973 (class 1259 OID 25051)
-- Name: maps_customuser_user_permissions_customuser_id_5455f1b2; Type: INDEX; Schema: public; Owner: postgres
--

CREATE INDEX maps_customuser_user_permissions_customuser_id_5455f1b2 ON public.maps_customuser_user_permissions USING btree (customuser_id);


--
-- TOC entry 4974 (class 1259 OID 25052)
-- Name: maps_customuser_user_permissions_permission_id_f24d4a69; Type: INDEX; Schema: public; Owner: postgres
--

CREATE INDEX maps_customuser_user_permissions_permission_id_f24d4a69 ON public.maps_customuser_user_permissions USING btree (permission_id);


--
-- TOC entry 4962 (class 1259 OID 25053)
-- Name: maps_customuser_username_d7d3dc0f_like; Type: INDEX; Schema: public; Owner: postgres
--

CREATE INDEX maps_customuser_username_d7d3dc0f_like ON public.maps_customuser USING btree (username varchar_pattern_ops);


--
-- TOC entry 4977 (class 1259 OID 25054)
-- Name: maps_post_author_id_a34d06e3; Type: INDEX; Schema: public; Owner: postgres
--

CREATE INDEX maps_post_author_id_a34d06e3 ON public.maps_post USING btree (author_id);


--
-- TOC entry 4980 (class 1259 OID 25055)
-- Name: maps_post_slug_c77edaca_like; Type: INDEX; Schema: public; Owner: postgres
--

CREATE INDEX maps_post_slug_c77edaca_like ON public.maps_post USING btree (slug varchar_pattern_ops);


--
-- TOC entry 4983 (class 1259 OID 25056)
-- Name: maps_review_cafe_id_2426da76; Type: INDEX; Schema: public; Owner: postgres
--

CREATE INDEX maps_review_cafe_id_2426da76 ON public.maps_review USING btree (cafe_id);


--
-- TOC entry 4988 (class 1259 OID 25057)
-- Name: maps_review_user_id_d0de37f8; Type: INDEX; Schema: public; Owner: postgres
--

CREATE INDEX maps_review_user_id_d0de37f8 ON public.maps_review USING btree (user_id);


--
-- TOC entry 4991 (class 1259 OID 25058)
-- Name: posts_post_slug_6e9097e5; Type: INDEX; Schema: public; Owner: postgres
--

CREATE INDEX posts_post_slug_6e9097e5 ON public.posts_post USING btree (slug);


--
-- TOC entry 4992 (class 1259 OID 25059)
-- Name: posts_post_slug_6e9097e5_like; Type: INDEX; Schema: public; Owner: postgres
--

CREATE INDEX posts_post_slug_6e9097e5_like ON public.posts_post USING btree (slug varchar_pattern_ops);


--
-- TOC entry 4993 (class 2606 OID 25060)
-- Name: auth_group_permissions auth_group_permissio_permission_id_84c5c92e_fk_auth_perm; Type: FK CONSTRAINT; Schema: public; Owner: postgres
--

ALTER TABLE ONLY public.auth_group_permissions
    ADD CONSTRAINT auth_group_permissio_permission_id_84c5c92e_fk_auth_perm FOREIGN KEY (permission_id) REFERENCES public.auth_permission(id) DEFERRABLE INITIALLY DEFERRED;


--
-- TOC entry 4994 (class 2606 OID 25065)
-- Name: auth_group_permissions auth_group_permissions_group_id_b120cbf9_fk_auth_group_id; Type: FK CONSTRAINT; Schema: public; Owner: postgres
--

ALTER TABLE ONLY public.auth_group_permissions
    ADD CONSTRAINT auth_group_permissions_group_id_b120cbf9_fk_auth_group_id FOREIGN KEY (group_id) REFERENCES public.auth_group(id) DEFERRABLE INITIALLY DEFERRED;


--
-- TOC entry 4995 (class 2606 OID 25070)
-- Name: auth_permission auth_permission_content_type_id_2f476e4b_fk_django_co; Type: FK CONSTRAINT; Schema: public; Owner: postgres
--

ALTER TABLE ONLY public.auth_permission
    ADD CONSTRAINT auth_permission_content_type_id_2f476e4b_fk_django_co FOREIGN KEY (content_type_id) REFERENCES public.django_content_type(id) DEFERRABLE INITIALLY DEFERRED;


--
-- TOC entry 4996 (class 2606 OID 25075)
-- Name: django_admin_log django_admin_log_content_type_id_c4bce8eb_fk_django_co; Type: FK CONSTRAINT; Schema: public; Owner: postgres
--

ALTER TABLE ONLY public.django_admin_log
    ADD CONSTRAINT django_admin_log_content_type_id_c4bce8eb_fk_django_co FOREIGN KEY (content_type_id) REFERENCES public.django_content_type(id) DEFERRABLE INITIALLY DEFERRED;


--
-- TOC entry 4997 (class 2606 OID 25080)
-- Name: django_admin_log django_admin_log_user_id_c564eba6_fk_maps_customuser_id; Type: FK CONSTRAINT; Schema: public; Owner: postgres
--

ALTER TABLE ONLY public.django_admin_log
    ADD CONSTRAINT django_admin_log_user_id_c564eba6_fk_maps_customuser_id FOREIGN KEY (user_id) REFERENCES public.maps_customuser(id) DEFERRABLE INITIALLY DEFERRED;


--
-- TOC entry 4998 (class 2606 OID 25085)
-- Name: maps_customuser_groups maps_customuser_grou_customuser_id_4465d9b0_fk_maps_cust; Type: FK CONSTRAINT; Schema: public; Owner: postgres
--

ALTER TABLE ONLY public.maps_customuser_groups
    ADD CONSTRAINT maps_customuser_grou_customuser_id_4465d9b0_fk_maps_cust FOREIGN KEY (customuser_id) REFERENCES public.maps_customuser(id) DEFERRABLE INITIALLY DEFERRED;


--
-- TOC entry 4999 (class 2606 OID 25090)
-- Name: maps_customuser_groups maps_customuser_groups_group_id_51d8ed88_fk_auth_group_id; Type: FK CONSTRAINT; Schema: public; Owner: postgres
--

ALTER TABLE ONLY public.maps_customuser_groups
    ADD CONSTRAINT maps_customuser_groups_group_id_51d8ed88_fk_auth_group_id FOREIGN KEY (group_id) REFERENCES public.auth_group(id) DEFERRABLE INITIALLY DEFERRED;


--
-- TOC entry 5000 (class 2606 OID 25095)
-- Name: maps_customuser_user_permissions maps_customuser_user_customuser_id_5455f1b2_fk_maps_cust; Type: FK CONSTRAINT; Schema: public; Owner: postgres
--

ALTER TABLE ONLY public.maps_customuser_user_permissions
    ADD CONSTRAINT maps_customuser_user_customuser_id_5455f1b2_fk_maps_cust FOREIGN KEY (customuser_id) REFERENCES public.maps_customuser(id) DEFERRABLE INITIALLY DEFERRED;


--
-- TOC entry 5001 (class 2606 OID 25100)
-- Name: maps_customuser_user_permissions maps_customuser_user_permission_id_f24d4a69_fk_auth_perm; Type: FK CONSTRAINT; Schema: public; Owner: postgres
--

ALTER TABLE ONLY public.maps_customuser_user_permissions
    ADD CONSTRAINT maps_customuser_user_permission_id_f24d4a69_fk_auth_perm FOREIGN KEY (permission_id) REFERENCES public.auth_permission(id) DEFERRABLE INITIALLY DEFERRED;


--
-- TOC entry 5002 (class 2606 OID 25105)
-- Name: maps_post maps_post_author_id_a34d06e3_fk_maps_customuser_id; Type: FK CONSTRAINT; Schema: public; Owner: postgres
--

ALTER TABLE ONLY public.maps_post
    ADD CONSTRAINT maps_post_author_id_a34d06e3_fk_maps_customuser_id FOREIGN KEY (author_id) REFERENCES public.maps_customuser(id) DEFERRABLE INITIALLY DEFERRED;


--
-- TOC entry 5003 (class 2606 OID 25110)
-- Name: maps_review maps_review_cafe_id_2426da76_fk_maps_cafe_id; Type: FK CONSTRAINT; Schema: public; Owner: postgres
--

ALTER TABLE ONLY public.maps_review
    ADD CONSTRAINT maps_review_cafe_id_2426da76_fk_maps_cafe_id FOREIGN KEY (cafe_id) REFERENCES public.maps_cafe(id) DEFERRABLE INITIALLY DEFERRED;


--
-- TOC entry 5004 (class 2606 OID 25115)
-- Name: maps_review maps_review_user_id_d0de37f8_fk_maps_customuser_id; Type: FK CONSTRAINT; Schema: public; Owner: postgres
--

ALTER TABLE ONLY public.maps_review
    ADD CONSTRAINT maps_review_user_id_d0de37f8_fk_maps_customuser_id FOREIGN KEY (user_id) REFERENCES public.maps_customuser(id) DEFERRABLE INITIALLY DEFERRED;


-- Completed on 2026-05-10 20:53:35

--
-- PostgreSQL database dump complete
--

\unrestrict egLknluZ0cuA1a1MRye1cpsbxcQAF4TIXpoj4xCYG5QLMW4dlEfsE7Iy5IhXous

